{
    "compile_time_ms":  59.9885,
    "hypothesis":  "Larger limits use FEWER resources",
    "test":  "prime_limit_1000",
    "expected_primes":  168,
    "min_execution_time_ms":  5.0074000000000005,
    "avg_execution_time_ms":  7.4586666666666668,
    "execution_times_ms":  [
                               6.7543000000000006,
                               5.0074000000000005,
                               10.6143
                           ],
    "timestamp":  "2026-04-05 20:29:37",
    "limit":  1000,
    "previous_data":  {
                          "limit_500":  {
                                            "cpu_percent":  37,
                                            "memory_percent":  "31-33"
                                        },
                          "limit_10":  {
                                           "cpu_percent":  98,
                                           "memory_percent":  74
                                       }
                      },
    "max_execution_time_ms":  10.6143
}
